Appointment_Type_Id,Timetable,Notes,Zip,Moons_Center,Street,Center_Type,Apt,Active,Partner,List_Price,Number,ACL,City,Latitude,Zone,Map_URL,Appointment_Cost,Prev_Videocall,Phone,Order,Neighborhood,promo,Longitude,Currency,State,Place_Id,Region,Center_Name,Calendar_Id,Country,totalReviews,Map_Image,embed,Appointment_Type,extractReviews,reviews,Center_Desc,rating,Appointment_Calendar,Services,retailApp,mergeCalendars,Delete,whatsAppLink,whatsAppCall
,"{""saturday"":[""08:00-17:00""],""weekdays"":[""08:00-17:00""]}",,,TRUE,Calle 14,Centro Aliado,Clinica Dentus,FALSE,,,#13-32,null,Pereira,4.80867,Pereira,https://maps.app.goo.gl/UsbPmvjHPXLA5wg76,,FALSE,"[""""]",100,Sector Invico,,-75.69082,,Risaralda,,,Citas Full Pereira,7964022,Colombia,null,,,retail,FALSE,null,,0,,"{""fullprimera"":{""productId"":""fullprimera"",""AppointmentTypeId"":""53474599""},""fullseguimiento"":{""productId"":""fullseguimiento"",""AppointmentTypeId"":""53474627""}}",TRUE,,,,
,"{""weekdays"":[""10:00-19:00""]}",,,FALSE,Av. Reforma,Doctores Moons,,TRUE,Dr. Josu√© Otoniel Mora Andrade,,#1143,null,San Luis Potos√≠,22.15463893,Zona Centro,https://maps.app.goo.gl/y1wCkXSVNn5jGkRt7,,FALSE,"[""""]",4," Zona Centro, San Luis Potos√≠","¬°Hasta $5,000 de descuento!",-100.9814914,,Centros Aliados,,San Luis Potos√≠,San Luis Potos√≠ | Dental O'Dent,DrMoons1,M√©xico,null,,,retail,FALSE,null,Rotulado color verde turquesa (casi esquina con Av. Zapata),0,,{},FALSE,,,https://api.whatsapp.com/send?phone=5215593312948&text=%C2%A1Quiero%20agendar%20una%20cita%20en%20San%20Luis%20Potos%C3%AD!,TRUE
,"{""saturday"":[""10:00-18:00""],""weekdays"":[""10:00-18:00""]}","Entre Masaryk y Emilio Castelar. Timbre a un costado de Wax Revolution. Piso 4, puerta izquierda. A media cuadra de Parque Lincoln y Mandolina.",11550,TRUE,Lafontaine,Centro Moons,"Piso 4, consultorio 2-3",FALSE,,990,73,null,Miguel Hidalgo,19.4307535,Polanco,https://goo.gl/maps/12LPgkQY8GUSuBpj6,290,,"[""""]",1,Polanco III Secc -Piso 4 Consultorio 2 y 3.,,-99.1985262,,Ciudad de M√©xico,,,Polanco Full,8713409,M√©xico,null,,"<iframe src=""https://www.google.com/maps/embed?pb=!1m14!1m8!1m3!1d30100.19443303747!2d-99.221701!3d19.4329489!3m2!1i1024!2i768!4f13.1!3m3!1m2!1s0x85d1f9c8b3925e39%3A0x95f70ed06b617ff2!2sMoons!5e0!3m2!1ses-419!2smx!4v1693872970078!5m2!1ses-419!2smx"" width=""100%"" height=""300"" style=""border:0;"" allowfullscreen="""" loading=""lazy"" referrerpolicy=""no-referrer-when-downgrade""></iframe>",retail,,null,"Entre Masaryk y Emilio Castelar. Timbre a un costado de Wax Revolution. Piso 4, puerta izquierda. A media cuadra de Parque Lincoln y Mandolina.",0,,"{""fullprimera"":{""productId"":""fullprimera"",""AppointmentTypeId"":""53474599""},""fullseguimiento"":{""productId"":""fullseguimiento"",""AppointmentTypeId"":""53222904""},""refinamiento"":{""productId"":""refinamiento"",""AppointmentTypeId"":""53222633""},""futura"":{""productId"":""futura"",""AppointmentTypeId"":""53251573""},""fullrecolocacion"":{""productId"":""fullrecolocacion"",""AppointmentTypeId"":""61326435""},""nmt_rx"":{""productId"":""nmt_rx"",""AppointmentTypeId"":""60959916""},""limpiezaplan"":{""productId"":""limpiezaplan"",""AppointmentTypeId"":""53352668""},""limpiezayblanqplan"":{""productId"":""limpiezayblanqplan"",""AppointmentTypeId"":""53352699""},""rescan"":{""productId"":""rescan"",""AppointmentTypeId"":""53251554""},""nmt60"":{""productId"":""nmt60"",""AppointmentTypeId"":""56487210""},""fullfinal"":{""productId"":""fullfinal"",""AppointmentTypeId"":""55967546""}}",TRUE,,FALSE,,FALSE
,"{""saturday"":[""10:00-18:00""],""weekdays"":[""10:00-18:00""]}",Entre Amores y Avenida Universidad. A media cuadra de Grupo F√≥rmula y gasolinera Hidrosina. El edificio cuenta con estacionamiento con costo de $30.,3240,TRUE,Av. Coyoac√°n,Centro Moons,Piso 12 Int 1202,FALSE,,990,1878,null,Benito Ju√°rez,19.3615626,Coyoac√°n,"https://www.google.com/maps/place/Moons/@19.3617155,-99.1721397,17z/data=!3m1!4b1!4m6!3m5!1s0x85d1fffad955ec39:0x586f22544ea49227!8m2!3d19.3617155!4d-99.1721397!16s%2Fg%2F11qpcmm1gx?hl=es-419&entry=ttu",99,,"[""""]",2,Col. Acacias.  Benito Ju√°rez. Piso 12 Int 1202,,-99.1721075,,Ciudad de M√©xico,,,Coyoac√°n Full,9350926,M√©xico,null,,"<iframe src=""https://www.google.com/maps/embed?pb=!1m18!1m12!1m3!1d3764.133309120938!2d-99.1692278!3d19.363379600000002!2m3!1f0!2f0!3f0!3m2!1i1024!2i768!4f13.1!3m3!1m2!1s0x85d1fffad955ec39%3A0x586f22544ea49227!2sMoons!5e0!3m2!1ses-419!2smx!4v1693872733254!5m2!1ses-419!2smx"" width=""100%"" height=""300"" style=""border:0;"" allowfullscreen="""" loading=""lazy"" referrerpolicy=""no-referrer-when-downgrade""></iframe>",retail,,null,Entre Amores y Avenida Universidad. A media cuadra de Grupo F√≥rmula y gasolinera Hidrosina. El edificio cuenta con estacionamiento con costo de $30.,0,,"{""fullprimera"":{""productId"":""fullprimera"",""AppointmentTypeId"":""53474599""},""fullseguimiento"":{""productId"":""fullseguimiento"",""AppointmentTypeId"":""53222904""},""refinamiento"":{""productId"":""refinamiento"",""AppointmentTypeId"":""53222633""},""futura"":{""productId"":""futura"",""AppointmentTypeId"":""53251573""},""fullrecolocacion"":{""productId"":""fullrecolocacion"",""AppointmentTypeId"":""61326435""},""limpiezaplan"":{""productId"":""limpiezaplan"",""AppointmentTypeId"":""53352668""},""limpiezayblanqplan"":{""productId"":""limpiezayblanqplan"",""AppointmentTypeId"":""53352699""},""rescan"":{""productId"":""rescan"",""AppointmentTypeId"":""53251554""},""nmt60"":{""productId"":""nmt60"",""AppointmentTypeId"":""56487210""},""fullfinal"":{""productId"":""fullfinal"",""AppointmentTypeId"":""55967546""}}",TRUE,,FALSE,,FALSE
,"{""saturday"":[""10:00-15:00""],""weekdays"":[""09:30-14:00""]}",,,FALSE,Jos√© Sotero de Casta√±eda,Doctores Moons,,TRUE,Dr. Alan Adrian Causor Santamaria,,72A,null,Apatzing√°n,19.09019301,Colonia Centro,https://maps.app.goo.gl/NRHACcn3HggCFJxE6?g_st=iw,,FALSE,"[""""]",4,"Centro, Apatzing√°n, Michoac√°n","¬°Hasta $5,000 de descuento!",-102.3529306,,Centros Aliados,,"Apatzing√°n, Michoac√°n",Apatzing√°n | Cl√≠nica Dental Santamaria,DrMoons6,M√©xico,null,,,retail,FALSE,null,,0,,{},FALSE,,,https://api.whatsapp.com/send?phone=5215593312948&text=%C2%A1Quiero%20agendar%20una%20cita%20en%20Apatzing%C3%A1n!,TRUE
,"{""saturday"":[""09:30-14:00""],""weekdays"":[""09:30-14:00"",""15:30-20:00""]}",,,FALSE,Llanura,Doctores Moons,,TRUE,Dra. Gisela Dagmar Aguilar Kleimann,,332,null,Ciudad de M√©xico,19.3094134,Jardines del Pedregal,https://maps.app.goo.gl/ai2Nizfhavzgw6kf9,,FALSE,"[""""]",4,"Jardines del Pedregal, San √Ångel, CDMX","¬°Hasta $5,000 de descuento!",-99.18959088,,Centros Aliados,,"San √Ångel, CDMX",San √Ångel CDMX | Clindental,DrMoons8,M√©xico,null,,,retail,FALSE,null,,0,,{},FALSE,,,https://api.whatsapp.com/send?phone=5215593312948&text=%C2%A1Quiero%20agendar%20una%20cita%20en%20San%20√Ångel!,TRUE
,"{""weekdays"":[""09:00-13:00"",""17:00-19:00""]}",,,FALSE,Francisco I Madero,Doctores Moons,,TRUE,Dra. Norma Haro,,14,null,Nayarit,21.5205063,San Jos√©,https://maps.app.goo.gl/4QmbxfEKkYGqLf9a9,,FALSE,"[""""]",4,"San Jos√©, Tepic, Nayarit","¬°Hasta $5,000 de descuento!",-104.887873,,Centros Aliados,,"Tepic, Nayarit",Tepic | Dra. Norma Haro,DrMoons5,M√©xico,null,,,retail,FALSE,null,,0,,{},FALSE,,,https://api.whatsapp.com/send?phone=5215593312948&text=%C2%A1Quiero%20agendar%20una%20cita%20en%20Tepic!,TRUE
53222513,"{""saturday"":[""10:00-16:00""],""weekdays"":[""10:00-18:00""]}","Entre calle Mazamitla y Av. Ignacio L Vallarta. Edificio blanco, a un costado de Cl√≠nica Bari. Estacionamiento gratuito. ",44110,TRUE,San Juan de los Lagos,Centro Moons,,TRUE,,null,35-C,null,Guadalajara / Jal.,20.6735086,Vallarta Poniente,https://goo.gl/maps/rF4z9qYRuMV9VJp9A,null,,"[""""]",2,Vallarta Poniente,"¬°Hasta $6,400 OFF! üåô",-103.3898997,MXN,Jalisco,ChIJEw_GUJyvKIQRW_K-ZcCTNoU,Ciudad de M√©xico,Guadalajara,2967442,M√©xico,189,,"<iframe src=""https://www.google.com/maps/embed?pb=!1m18!1m12!1m3!1d14931.619519780124!2d-103.39859413022461!3d20.673448500000006!2m3!1f0!2f0!3f0!3m2!1i1024!2i768!4f13.1!3m3!1m2!1s0x8428ae71d06ee6d9%3A0x5d42045b58872159!2sSan%20Juan%20de%20Los%20Lagos%2035c%2C%20Vallarta%20Poniente%2C%2044110%20Guadalajara%2C%20Jal.!5e0!3m2!1sen!2smx!4v1684283632684!5m2!1sen!2smx"" width=""600"" height=""450"" style=""border:0;"" allowfullscreen="""" loading=""lazy"" referrerpolicy=""no-referrer-when-downgrade""></iframe>",retail,TRUE,null,"Entre calle Mazamitla y Av. Ignacio L Vallarta. Edificio blanco, a un costado de Cl√≠nica Bari. Estacionamiento gratuito.",4.8,,"{""rescan"":{""productId"":""rescan"",""AppointmentTypeId"":""53251554""}}",TRUE,"[{""calendarId"":""9365974"",""appointmentTypeId"":""53222513""}]",FALSE,,FALSE
,"{""sunday"":[""10:00-19:00""],""saturday"":[""10:00-19:00""],""weekdays"":[""10:00-19:00""]}",,,FALSE,Calle del H√©roe,Doctores Moons,,TRUE,,,#180,null,Morelia,19.69738302,Lomas de Hidalgo,https://maps.app.goo.gl/Jj16ETWJt3qjqTBU7,,FALSE,"[""""]",4,"Lomas de Hidalgo, Morelia, Michoac√°n.","¬°Hasta $5,000 de descuento!",-101.1590606,,Centros Aliados,,"Morelia, Michoac√°n",Morelia | Smile Dentist,DrMoons2,M√©xico,null,,,retail,FALSE,null,,0,,{},FALSE,,,https://api.whatsapp.com/send?phone=5215593312948&text=%C2%A1Quiero%20agendar%20una%20cita%20en%20Morelia!,TRUE
53222513,"{""saturday"":[""10:00-18:00""],""weekdays"":[""10:00-18:00""]}","Entre Masaryk y Emilio Castelar. Timbre a un costado de Wax Revolution. Piso 3, puerta izquierda. A media cuadra de Parque Lincoln y Mandolina.",11550,TRUE,Lafontaine,Centro Moons,"Piso 4, consultorio 2-3",TRUE,,990,73,null,Miguel Hidalgo,19.43144811,Polanco,https://goo.gl/maps/12LPgkQY8GUSuBpj6,99,,"[""""]",1,Polanco III Secc -Piso 4 Consultorio 2 y 3.,"¬°Hasta $6,400 OFF! üåô",-99.19819069,MXN,Ciudad de M√©xico,ChIJOV6Ss8j50YUR8n9ha9AO95U,Ciudad de M√©xico,Polanco,9008838,M√©xico,231,,"<iframe src=""https://www.google.com/maps/embed?pb=!1m14!1m8!1m3!1d30100.19443303747!2d-99.221701!3d19.4329489!3m2!1i1024!2i768!4f13.1!3m3!1m2!1s0x85d1f9c8b3925e39%3A0x95f70ed06b617ff2!2sMoons!5e0!3m2!1ses-419!2smx!4v1693872970078!5m2!1ses-419!2smx"" width=""100%"" height=""300"" style=""border:0;"" allowfullscreen="""" loading=""lazy"" referrerpolicy=""no-referrer-when-downgrade""></iframe>",retail,TRUE,null,"Entre Masaryk y Emilio Castelar. Timbre a un costado de Wax Revolution. Piso 3, puerta izquierda. A media cuadra de Parque Lincoln y Mandolina.",4.3,,"{""rescan"":{""productId"":""rescan"",""AppointmentTypeId"":""53251554""}}",TRUE,"[{""calendarId"":""8713409"",""appointmentTypeId"":""53222513""}]",FALSE,,FALSE
,"{""saturday"":[""08:00-17:00""],""weekdays"":[""08:00-17:00""]}","Al frente de OXXO. Bajando por la calle 53, una cuadra antes del Centro Comercial Galer√≠as.",11111,TRUE,Calle 53,Centro Moons,Consultorio 301,FALSE,,null,#21-84,null,Teusaquillo,4.641643447,Galer√≠as,"https://www.google.com/maps/place/Moons/@4.6791432,-74.0543569,17z/data=!4m6!3m5!1s0x8e3f9b01ee0bf8e5:0xdf236187ddfef3c7!8m2!3d4.6417379!4d-74.0731651!16s%2Fg%2F11sszj94pm?entry=ttu",null,,"[""""]",16,Galer√≠as,,-74.07114913,,Bogot√°,ChIJIYaunJqmMI4R29QPlXikqhM,Bogot√°,Galer√≠as Experiencia Moons Advanced,8984205,Colombia,46,,,retail,TRUE,4.3,"Al frente de OXXO. Bajando por la calle 53, una cuadra antes del Centro Comercial Galer√≠as.",4.5,,"{""retenedorfijo"":{""productId"":""retenedorfijo"",""AppointmentTypeId"":""53819887""},""fullprimera"":{""productId"":""fullprimera"",""AppointmentTypeId"":""53474599""},""fullseguimiento"":{""productId"":""fullseguimiento"",""AppointmentTypeId"":""53474627""},""videollamada"":{""productId"":""videollamada"",""AppointmentTypeId"":""53474704""},""fullfinal"":{""productId"":""fullfinal"",""AppointmentTypeId"":""55449668""}}",TRUE,,FALSE,,FALSE
53222513,"{""saturday"":[""10:00-18:00""],""weekdays"":[""10:00-18:00""]}",Entre Amores y Avenida Universidad. A media cuadra de Grupo F√≥rmula y gasolinera Hidrosina. El edificio cuenta con estacionamiento con costo de $30.,3240,TRUE,Av. Coyoac√°n,Centro Moons,Piso 12 Int 1202,TRUE,,990,1878,null,Benito Ju√°rez,19.3615626,Coyoac√°n,"https://www.google.com/maps/place/Moons/@19.3617155,-99.1721397,17z/data=!3m1!4b1!4m6!3m5!1s0x85d1fffad955ec39:0x586f22544ea49227!8m2!3d19.3617155!4d-99.1721397!16s%2Fg%2F11qpcmm1gx?hl=es-419&entry=ttu",99,,"[""""]",2,Col. Acacias.  Benito Ju√°rez. Piso 12 Int 1202,"¬°Hasta $6,400 OFF! üåô",-99.1721075,MXN,Ciudad de M√©xico,ChIJOexV2fr_0YURJ5KkTlQib1g,Ciudad de M√©xico,Coyoac√°n,8846085,M√©xico,187,,"<iframe src=""https://www.google.com/maps/embed?pb=!1m18!1m12!1m3!1d3764.133309120938!2d-99.1692278!3d19.363379600000002!2m3!1f0!2f0!3f0!3m2!1i1024!2i768!4f13.1!3m3!1m2!1s0x85d1fffad955ec39%3A0x586f22544ea49227!2sMoons!5e0!3m2!1ses-419!2smx!4v1693872733254!5m2!1ses-419!2smx"" width=""100%"" height=""300"" style=""border:0;"" allowfullscreen="""" loading=""lazy"" referrerpolicy=""no-referrer-when-downgrade""></iframe>",retail,TRUE,null,Entre Amores y Avenida Universidad. A media cuadra de Grupo F√≥rmula y gasolinera Hidrosina. El edificio cuenta con estacionamiento con costo de $30.,4.8,,"{""rescan"":{""productId"":""rescan"",""AppointmentTypeId"":""53251554""}}",TRUE,"[{""calendarId"":""9350926"",""appointmentTypeId"":""53222513""}]",FALSE,,FALSE
53559053,"{""saturday"":[""08:00-17:00""],""weekdays"":[""08:00-17:00""]}",Edifico de Colores,76000,TRUE,Calle 5D,Centro Moons,Torre 2 Consultorio 1015,TRUE,,null,#38A-35,null,Cali,3.423981698,Cali,https://maps.app.goo.gl/WZm6NeaM6jrUAqeQ7,null,,"[""""]",1,Tequendama,¬°Hasta $1.300.000 OFF üåô!,-76.54258512,,Valle del Cauca,,Cali,Cali,9965281,Colombia,null,,,retail,,null,Edificio vida centro profesional (edificio de colores),0,,{},TRUE,,,,FALSE
55427554,"{""weekdays"":[""11:00-21:00""]}",En Liverpool dentro del centro comercial Paseo de Quer√©taro,76224,FALSE,Anillo Vial Fray Jun√≠pero Serra,Liverpool,,TRUE,,null,7901,null,Santiago de Quer√©taro,20.63307,Paseo de Quer√©taro Liverpool Bx,https://goo.gl/maps/FndEjhiMUij1nsUc8,null,,"[""""]",39,Balcones Coloniales,¬°Hasta 13 Meses Sin Inter√©s! üéâ,-100.35505,,Liverpool | Cita $199,,,Liverpool Quer√©taro,6186668,M√©xico,null,,"<iframe src=""https://www.google.com/maps/embed?pb=!1m14!1m8!1m3!1d14935.65152882605!2d-100.355047!3d20.6324075!3m2!1i1024!2i768!4f13.1!3m3!1m2!1s0x85d35bb09aabb14f%3A0x964e7419066ac184!2sLiverpool!5e0!3m2!1ses-419!2smx!4v1693873157971!5m2!1ses-419!2smx"" width=""100%"" height=""300"" style=""border:0;"" allowfullscreen="""" loading=""lazy"" referrerpolicy=""no-referrer-when-downgrade""></iframe>",retail,FALSE,null,"Dentro de Liverpool, Centro comercial Paseo Quer√©taro. Entrada por Anillo V√≠al Fray Jun√≠pero Sierra",0,,"{""refinamiento"":{""productId"":""refinamiento"",""AppointmentTypeId"":""53222633""},""scan_retenedor"":{""productId"":""scan_retenedor"",""AppointmentTypeId"":""60910470""},""interpretacion_plan"":{""productId"":""interpretacion_plan"",""AppointmentTypeId"":""60925457""}}",TRUE,,FALSE,,FALSE
,"{""weekdays"":[""10:00-19:00""]}",,,FALSE,Calle Miguel Hidalgo,Doctores Moons,,TRUE,Dr. Iv√°n Mej√≠a D√≠az,,226,null,Tuxtepec,18.08247426,Tuxtepec,https://maps.app.goo.gl/x6S3tG65UW65t37y6,,FALSE,"[""""]",5,"Tuxtepec, Oaxaca","¬°Hasta $5,000 de descuento!",-96.11938104,,Centros Aliados,,"Tuxtepec, Oaxaca",Tuxtepec | Sonrisa Total,DrMoons11,M√©xico,null,,,retail,FALSE,null,,0,,{},FALSE,,,https://api.whatsapp.com/send?phone=5215593312948&text=%C2%A1Quiero%20agendar%20una%20cita%20en%20Tuxtepec!,TRUE
55427554,"{""weekdays"":[""11:00-20:00""]}",Liverpool dentro del Centro Comercial Santa Fe,5348,FALSE,Vasco de Quiroga,Liverpool,,TRUE,liverpool,null,3800,null,Cuajimalpa de Morelos,19.3612975,Liverpool Centro comercial Santa Fe,https://g.page/CentroSantaFe?share,null,,"[""""]",19,Lomas de Santa Fe,¬°Hasta 13 Meses Sin Inter√©s! üéâ,-99.27379492,,Liverpool | Cita $199,,,Liverpool Santa Fe EdoMex,6060165,M√©xico,null,,,retail,FALSE,null,"Dentro de centro comercial, a un costado de The Cheesecake Factory Santa Fe",0,,"{""scan_retenedor"":{""productId"":""scan_retenedor"",""AppointmentTypeId"":""60910470""},""interpretacion_plan"":{""productId"":""interpretacion_plan"",""AppointmentTypeId"":""60925457""}}",,,FALSE,,FALSE
55427554,"{""sunday"":[""11:00-11:00""],""saturday"":[""11:00-11:00""],""weekdays"":[""11:00-11:00""]}","Ubicados en Liverpool, dentro del centro comercial Parque Delta",3020,TRUE,Avenida Cuauht√©moc,Liverpool,BX,TRUE,liverpool,null,462,null,Benito Ju√°rez,19.40367,Liverpool Parque Delta,https://g.page/liverpool-parque-delta?share,null,,"[""""]",25,Narvarte Poniente,¬°Hasta 13 Meses Sin Inter√©s! üéâ,-99.15484,,Liverpool | Cita $199,,CDMX,Liverpool Parque Delta CDMX,6090056,M√©xico,null,,,retail,FALSE,null,Esquina Viaducto Miguel Alem√°n con Avenida Cuauht√©moc,0,,"{""scan_retenedor"":{""productId"":""scan_retenedor"",""AppointmentTypeId"":""60910470""},""interpretacion_plan"":{""productId"":""interpretacion_plan"",""AppointmentTypeId"":""60925457""}}",,,FALSE,,FALSE
55960305,"{""sunday"":[""11:00-20:30""],""saturday"":[""11:00-20:30""],""weekdays"":[""11:00-20:30""]}","Ubicados en Liverpool, dentro del centro comercial Parque Delta",3020,TRUE,Avenida Cuauht√©moc,Liverpool,BX,TRUE,liverpool,null,462,null,Benito Ju√°rez,19.40367,Liverpool Parque Delta,https://g.page/liverpool-parque-delta?share,null,,"[""""]",25,Narvarte Poniente,,-99.15484,,Ciudad de M√©xico,,CDMX,Liverpool Parque Delta CDMX,6090056,M√©xico,null,,,onsite-liverpool,FALSE,null,Esquina Viaducto Miguel Alem√°n con Avenida Cuauht√©moc,0,,"{""refinamiento"":{""productId"":""refinamiento"",""AppointmentTypeId"":""53222633""}}",TRUE,,FALSE,,
53637597,"{""saturday"":[""09:00-17:00""],""weekdays"":[""09:00-18:00""]}",,,TRUE,"Jr, Jir√≥n Cruz del Sur ",Centro Moons,1103,TRUE,,,140,null,Lima,-12.08489132,Surco,https://maps.app.goo.gl/X3fxAf6AmGk1m9Vv7,,FALSE,"[""""]",1,Santiago de Surco,¬°Hasta 35% OFF! üåô,-76.97273486,,Lima,ChIJPYgsSITHBZERLXfEVVPSwOE,,Surco,9645635,Peru,11,,,retail,TRUE,null,,4.9,,{},TRUE,,,,FALSE
,"{""saturday"":[""10:00-14:00""],""weekdays"":[""11:00-20:00""]}",,,FALSE,Centenario,Doctores Moons,,TRUE,,,644,null,"Le√≥n de los Aldama, Guanajuato",21.10428222,Le√≥n de los Aldama,https://maps.app.goo.gl/2D6cf7gdsfGbmNk66,,FALSE,"[""""]",4,"San Miguel, Le√≥n de los Aldama, Guanajuato","¬°Hasta $5,000 de descuento!",-101.6826868,,Centros Aliados,,Guanajuato,Guanajuato | Odontolog√≠a Integral,DrMoons7,M√©xico,null,,,retail,FALSE,null,,0,,{},FALSE,,,https://api.whatsapp.com/send?phone=5215593312948&text=%C2%A1Quiero%20agendar%20una%20cita%20en%20Guanajuato!,TRUE
53222513,"{""saturday"":[""10:00-15:00""],""weekdays"":[""10:00-18:00""]}","Dentro de Plaza 404 en la Cl√≠nica Daily Dent, atr√°s de la Torre Roja con el nombre de la plaza. La plaza cuenta con estacionamiento.",66273,TRUE,Av G√≥mez Morin,Centro Moons,Local E-10,TRUE,,990,404,null,San Pedro Garza Garc√≠a,25.6471664,Monterrey,https://goo.gl/maps/ANdHfCGtb433JYLs9,290,,"[""""]",2,Col. Villas de Arag√≥n. San Pedro Garza (Dentro Cl√≠nica Dental Daily Dent),"¬°Hasta $6,400 OFF! üåô",-100.3590879,MXN,Nuevo Le√≥n,ChIJr_diPlW9YoYRh_pj6cB--CU,Nuevo Le√≥n,Monterrey,7101431,M√©xico,27,,"<iframe src=""https://www.google.com/maps/embed?pb=!1m14!1m8!1m3!1d14386.910203330768!2d-100.3590879!3d25.6471664!3m2!1i1024!2i768!4f13.1!3m3!1m2!1s0x8662bd553e62f7af%3A0x25f87ec0e963fa87!2sMoons!5e0!3m2!1ses-419!2smx!4v1693872894460!5m2!1ses-419!2smx"" width=""100%"" height=""300"" style=""border:0;"" allowfullscreen="""" loading=""lazy"" referrerpolicy=""no-referrer-when-downgrade""></iframe>",retail,TRUE,null,"Dentro de Plaza 404 en la Cl√≠nica Daily Dent, atr√°s de la Torre Roja con el nombre de la plaza. La plaza cuenta con estacionamiento.",5,,"{""fullprimera"":{""productId"":""fullprimera"",""AppointmentTypeId"":""53222885""},""fullseguimiento"":{""productId"":""fullseguimiento"",""AppointmentTypeId"":""53222904""},""refinamiento"":{""productId"":""refinamiento"",""AppointmentTypeId"":""53222633""},""futura"":{""productId"":""futura"",""AppointmentTypeId"":""53251573""},""fullrecolocacion"":{""productId"":""fullrecolocacion"",""AppointmentTypeId"":""61326435""},""limpiezaplan"":{""productId"":""limpiezaplan"",""AppointmentTypeId"":""53352668""},""limpiezayblanqplan"":{""productId"":""limpiezayblanqplan"",""AppointmentTypeId"":""53352699""},""rescan"":{""productId"":""rescan"",""AppointmentTypeId"":""53251554""},""nmt60"":{""productId"":""nmt60"",""AppointmentTypeId"":""56487210""},""fullfinal"":{""productId"":""fullfinal"",""AppointmentTypeId"":""55967546""}}",TRUE,,FALSE,,FALSE
55960305,"{""sunday"":[""11:00-20:00""],""saturday"":[""11:00-20:00""],""weekdays"":[""11:00-20:00""]}",Liverpool dentro del Centro comercial santa fe,5348,TRUE,Vasco de Quiroga,Liverpool,,TRUE,liverpool,null,3800,null,Cuajimalpa de Morelos,19.3612975,Liverpool Centro comercial Santa Fe,https://g.page/CentroSantaFe?share,null,,"[""""]",19,Lomas de Santa Fe,,-99.27379492,,Ciudad de M√©xico,,,Liverpool Santa Fe EdoMex,6060165,M√©xico,null,,,onsite-liverpool,FALSE,null,"Dentro de centro comercial, a un costado de The Cheesecake Factory Santa Fe",0,,"{""refinamiento"":{""productId"":""refinamiento"",""AppointmentTypeId"":""53222633""}}",TRUE,,FALSE,,
,"{""sunday"":[""10:00-19:00""],""saturday"":[""10:00-19:00""],""weekdays"":[""10:00-19:00""]}",,,FALSE,Av. Madero Poniente,Doctores Moons,,TRUE,,,#213,null,Tac√°mbaro,19.23606673,Centro,https://maps.app.goo.gl/TXVCa6pWpkhhd4RPA,,FALSE,"[""""]",5,"Centro, Tac√°mbaro, Michoac√°n","¬°Hasta $5,000 de descuento!",-101.4605265,,Centros Aliados,,"Tac√°mbaro, Michoac√°n",Tac√°mbaro | Odontolog√≠a Integral,DrMoons3,M√©xico,null,,,retail,FALSE,null,,0,,{},FALSE,,,https://api.whatsapp.com/send?phone=5215593312948&text=%C2%A1Quiero%20agendar%20una%20cita%20en%20Tacambaro!,TRUE
,"{""weekdays"":[""09:30-19:00""]}",,,FALSE,Convento de Balbanera,Doctores Moons,,TRUE,,,36,null,"Tlalnepantla, Estado de M√©xico",19.53086687,Jardines de Santa M√≥nica,https://maps.app.goo.gl/EJ2AK4GbnKBCDujE9,,FALSE,"[""""]",4,"Jardines de Santa M√≥nica, Tlalnepantla, Estado de M√©xico","¬°Hasta $5,000 de descuento!",-99.22520339,,Centros Aliados,,"Tlalnepantla, Estado de M√©xico",Tlalnepantla CDMX | M√°s Ortodoncia,DrMoons9,M√©xico,null,,,retail,FALSE,null,,0,,{},FALSE,,,https://api.whatsapp.com/send?phone=5215593312948&text=%C2%A1Quiero%20agendar%20una%20cita%20en%20Tlalnepantla!,TRUE
,"{""saturday"":[""10:00-18:00""],""weekdays"":[""10:00-18:00""]}","Entre Masaryk y Emilio Castelar. Timbre a un costado de Wax Revolution. Piso 4, puerta izquierda. A media cuadra de Parque Lincoln y Mandolina.",11550,TRUE,Lafontaine,Centro Moons,"Piso 4, consultorio 2-3",FALSE,,990,73,null,Miguel Hidalgo,19.4307535,Polanco,https://goo.gl/maps/12LPgkQY8GUSuBpj6,290,,"[""""]",1,Polanco III Secc -Piso 4 Consultorio 2 y 3.,,-99.1985262,,Ciudad de M√©xico,,,Polanco Full 2,9439807,M√©xico,null,,"<iframe src=""https://www.google.com/maps/embed?pb=!1m14!1m8!1m3!1d30100.19443303747!2d-99.221701!3d19.4329489!3m2!1i1024!2i768!4f13.1!3m3!1m2!1s0x85d1f9c8b3925e39%3A0x95f70ed06b617ff2!2sMoons!5e0!3m2!1ses-419!2smx!4v1693872970078!5m2!1ses-419!2smx"" width=""100%"" height=""300"" style=""border:0;"" allowfullscreen="""" loading=""lazy"" referrerpolicy=""no-referrer-when-downgrade""></iframe>",retail,,null,"Entre Masaryk y Emilio Castelar. Timbre a un costado de Wax Revolution. Piso 4, puerta izquierda. A media cuadra de Parque Lincoln y Mandolina.",0,,"{""fullprimera"":{""productId"":""fullprimera"",""AppointmentTypeId"":""53474599""},""fullseguimiento"":{""productId"":""fullseguimiento"",""AppointmentTypeId"":""53222904""},""refinamiento"":{""productId"":""refinamiento"",""AppointmentTypeId"":""53222633""},""futura"":{""productId"":""futura"",""AppointmentTypeId"":""53251573""},""fullrecolocacion"":{""productId"":""fullrecolocacion"",""AppointmentTypeId"":""61326435""},""nmt_rx"":{""productId"":""nmt_rx"",""AppointmentTypeId"":""60959916""},""limpiezaplan"":{""productId"":""limpiezaplan"",""AppointmentTypeId"":""53352668""},""limpiezayblanqplan"":{""productId"":""limpiezayblanqplan"",""AppointmentTypeId"":""53352699""},""rescan"":{""productId"":""rescan"",""AppointmentTypeId"":""53251554""},""nmt60"":{""productId"":""nmt60"",""AppointmentTypeId"":""56487210""},""fullfinal"":{""productId"":""fullfinal"",""AppointmentTypeId"":""55967546""}}",TRUE,,FALSE,,FALSE
55960305,"{""sunday"":[""11:00-21:00""],""saturday"":[""11:00-21:00""],""weekdays"":[""11:00-21:00""]}",Dentro de Andares Centro Comercial,45116,FALSE,P¬∞ Andares,Liverpool,,TRUE,liverpool,null,4965,null,Zapopan,20.71222,Andares Puerta de Hierro,https://goo.gl/maps/355bndVJxY96R1Yq9,null,,"[""""]",39,Andares,,-103.41179,,Jalisco,,,Liverpool Andares Zapopan,6186678,M√©xico,null,,,onsite-liverpool,FALSE,null,Dentro de Andares Centro Comercial,0,,"{""refinamiento"":{""productId"":""refinamiento"",""AppointmentTypeId"":""53222633""}}",TRUE,,FALSE,,
,"{""saturday"":[""10:00-16:00""],""weekdays"":[""10:00-18:00""]}","Entre calle Mazamitla y Av. Ignacio L Vallarta. Edificio blanco, a un costado de Cl√≠nica Bari. Estacionamiento gratuito. ",44110,TRUE,San Juan de los Lagos,Centro Aliado,,FALSE,,null,35-C,null,Guadalajara / Jal.,20.6735086,Vallarta Poniente,https://goo.gl/maps/rF4z9qYRuMV9VJp9A,null,,"[""""]",2,Vallarta Poniente,,-103.3898997,,Jalisco,,,Guadalajara Full,9365974,M√©xico,null,,"<iframe src=""https://www.google.com/maps/embed?pb=!1m18!1m12!1m3!1d14931.619519780124!2d-103.39859413022461!3d20.673448500000006!2m3!1f0!2f0!3f0!3m2!1i1024!2i768!4f13.1!3m3!1m2!1s0x8428ae71d06ee6d9%3A0x5d42045b58872159!2sSan%20Juan%20de%20Los%20Lagos%2035c%2C%20Vallarta%20Poniente%2C%2044110%20Guadalajara%2C%20Jal.!5e0!3m2!1sen!2smx!4v1684283632684!5m2!1sen!2smx"" width=""600"" height=""450"" style=""border:0;"" allowfullscreen="""" loading=""lazy"" referrerpolicy=""no-referrer-when-downgrade""></iframe>",retail,,null,"Entre calle Mazamitla y Av. Ignacio L Vallarta. Edificio blanco, a un costado de Cl√≠nica Bari. Estacionamiento gratuito.",0,,"{""fullprimera"":{""productId"":""fullprimera"",""AppointmentTypeId"":""53222885""},""fullseguimiento"":{""productId"":""fullseguimiento"",""AppointmentTypeId"":""53222904""},""refinamiento"":{""productId"":""refinamiento"",""AppointmentTypeId"":""53222633""},""futura"":{""productId"":""futura"",""AppointmentTypeId"":""53251573""},""fullrecolocacion"":{""productId"":""fullrecolocacion"",""AppointmentTypeId"":""61326435""},""limpiezaplan"":{""productId"":""limpiezaplan"",""AppointmentTypeId"":""53352668""},""limpiezayblanqplan"":{""productId"":""limpiezayblanqplan"",""AppointmentTypeId"":""53352699""},""rescan"":{""productId"":""rescan"",""AppointmentTypeId"":""53251554""},""nmt60"":{""productId"":""nmt60"",""AppointmentTypeId"":""56487210""},""fullfinal"":{""productId"":""fullfinal"",""AppointmentTypeId"":""55967546""}}",TRUE,,FALSE,,FALSE
55427554,"{""sunday"":[""11:00-20:00""],""saturday"":[""11:00-20:00""],""weekdays"":[""11:00-20:00""]}",,11000,FALSE,Mariano Escobedo,Liverpool,,TRUE,,null,425,null,Miguel Hidalgo,19.43384907,Polanco,"https://www.google.com/maps/place/Liverpool/@19.4336315,-99.1848634,17z/data=!3m1!4b1!4m5!3m4!1s0x85d1f8acf43ca9ef:0x720e47123f07c640!8m2!3d19.4336265!4d-99.1826747",null,,"[""""]",3,"Polanco, Lomas de Chapultepec",¬°Hasta 13 Meses Sin Inter√©s! üéâ,-99.18270689,,Liverpool | Cita $199,,Ciudad de M√©xico,Liverpool Polanco CDMX,6186689,M√©xico,null,,,retail,FALSE,null,"Dentro de Liverpool Polanco de Mariano Escobedo, √°rea de belleza y frente a zapater√≠a",0,,"{""scan_retenedor"":{""productId"":""scan_retenedor"",""AppointmentTypeId"":""60910470""},""interpretacion_plan"":{""productId"":""interpretacion_plan"",""AppointmentTypeId"":""60925457""}}",,,FALSE,,FALSE
53399817,"{""saturday"":[""07:00-13:00""],""weekdays"":[""08:00-17:00""]}","Bajando por la Avenida Nutibara, 1 cuadra abajo de Pepe Ganga. Al frente de Casa Solorzano y diagonal a la Cliniq Dermoest√©tica & L√°ser. Estaci√≥n de Metro Estadio o Exposiciones.",null,FALSE,Circular 72,Centro Moons,Consultorio 803,TRUE,,null,#39 A 22,null,Medellin,6.2417437,"Lauret Oficinas y Apartamentos - Oficinas, Coworking, locales comerciales","https://www.google.com/maps/place/Moons/@6.2417346,-75.5950191,17z/data=!3m1!4b1!4m6!3m5!1s0x8e44295982d4feb5:0x2afd9b09975e7aa0!8m2!3d6.2417346!4d-75.5928251!16s%2Fg%2F11tf7f6zr8?coh=164777&entry=tt&shorturl=1",null,,"[""""]",1,"Lauret, Consultorio 803",¬°Hasta $1.300.000 OFF! üåô!,-75.5950225,,Antioquia,ChIJtf7UglkpRI4RoHpelwmb_So,Antioquia,Medellin-Laureles,5406438,Colombia,53,,,retail,TRUE,4.5,"Bajando por la Avenida Nutibara, 1 cuadra abajo de Pepe Ganga. Al frente de Casa Solorzano y diagonal a la Cliniq Dermoest√©tica & L√°ser. Estaci√≥n de Metro Estadio o Exposiciones.",4.5,,"{""nmt_resina"":{""productId"":""nmt_resina"",""AppointmentTypeId"":""53415271""},""nmt_brackets"":{""productId"":""nmt_brackets"",""AppointmentTypeId"":""53415237""},""retenedorfijo"":{""productId"":""retenedorfijo"",""AppointmentTypeId"":""53819887""},""fullprimera"":{""productId"":""fullprimera"",""AppointmentTypeId"":""53474599""},""fullseguimiento"":{""productId"":""fullseguimiento"",""AppointmentTypeId"":""53474627""},""refinamiento"":{""productId"":""refinamiento"",""AppointmentTypeId"":""53399903""},""nmt_limpieza"":{""productId"":""nmt_limpieza"",""AppointmentTypeId"":""53399986""},""limpiezaplan"":{""productId"":""limpiezaplan"",""AppointmentTypeId"":""54073940""},""limpiezayblanqplan"":{""productId"":""limpiezayblanqplan"",""AppointmentTypeId"":""53779945""},""rescan"":{""productId"":""rescan"",""AppointmentTypeId"":""55176935""},""fullfinal"":{""productId"":""fullfinal"",""AppointmentTypeId"":""55449668""}}",TRUE,,FALSE,,FALSE
55427554,"{""sunday"":[""11:00-21:00""],""saturday"":[""11:00-21:00""],""weekdays"":[""11:00-21:00""]}",,3330,TRUE,Real Mayorazgo,Liverpool,,TRUE,,null,130,null,Benito Ju√°rez,19.3604289,Liverpool,https://goo.gl/maps/uK53d5jUFBiCw9WY9,null,,"[""""]",21,Xoco,¬°Hasta 13 Meses Sin Inter√©s! üéâ,-99.16786222,,Liverpool | Cita $199,,CDMX,Liverpool Mitikah CDMX,3317615,M√©xico,null,,,retail,,null,BX,0,,"{""refinamiento"":{""productId"":""refinamiento"",""AppointmentTypeId"":""53222633""},""scan_retenedor"":{""productId"":""scan_retenedor"",""AppointmentTypeId"":""60910470""},""interpretacion_plan"":{""productId"":""interpretacion_plan"",""AppointmentTypeId"":""60925457""}}",TRUE,,FALSE,,FALSE
,"{""saturday"":[""09:00-15:00""],""weekdays"":[""09:00-17:00""]}",,,FALSE,Calle Eucalipto,Doctores Moons,,TRUE,Dra. Karen Arley Mart√≠nez Ortiz,,7,null,Puebla,19.05759886,Arboledas de Guadalupe,https://maps.app.goo.gl/29ciH9c7bQG74Kqx5,,FALSE,"[""""]",3,"Arboledas de Guadalupe, Puebla","¬°Hasta $5,000 de descuento!",-98.17688094,,Centros Aliados,,"Puebla, Puebla",Puebla | Saludent,DrMoons12,M√©xico,null,,,retail,FALSE,null,,0,,{},FALSE,,,https://api.whatsapp.com/send?phone=5215593312948&text=%C2%A1Quiero%20agendar%20una%20cita%20en%20Puebla!,TRUE
55960305,"{""sunday"":[""11:00-20:00""],""saturday"":[""11:00-21:00""],""weekdays"":[""11:00-21:00""]}","Nos encontramos en el departamento de Belleza en planta baja,  a un lado de relojer√≠a y nail bar",3100,FALSE,Av. Insurgentes Sur,Liverpool,√Årea BX,TRUE,liverpool,null,1310 - √Årea BX,null,Benito Ju√°rez,19.37414936,Liverpool,https://g.page/liverpool-insurgentes?share,null,,"[""""]",19,Del Valle Sur,,-99.17850653,,Ciudad de M√©xico,ChIJz_DgUoX_0YURdwurPJzzImw,CDMX,Liverpool Insurgentes CDMX,5395259,M√©xico,345,,,onsite-liverpool,FALSE,4.5,"El centro de escaneo se encuentra dentro de Liverpool Insurgentes. Ubicado frente al metro ""Insurgentes sur"" de la l√≠nea 12 y colinda con Av Insurgentes Sur Y Felix Cuevas",4.5,,"{""refinamiento"":{""productId"":""refinamiento"",""AppointmentTypeId"":""53222633""}}",TRUE,,FALSE,,
55960305,"{""weekdays"":[""11:00-21:00""]}",En Liverpool dentro del centro comercial Paseo de Quer√©taro,76224,FALSE,Anillo Vial Fray Jun√≠pero Serra,Liverpool,,TRUE,,null,7901,null,Santiago de Quer√©taro,20.63307,Paseo de Quer√©taro Liverpool Bx,https://goo.gl/maps/FndEjhiMUij1nsUc8,null,,"[""""]",39,Balcones Coloniales,,-100.35505,,Quer√©taro,,,Liverpool Quer√©taro,6186668,M√©xico,null,,"<iframe src=""https://www.google.com/maps/embed?pb=!1m14!1m8!1m3!1d14935.65152882605!2d-100.355047!3d20.6324075!3m2!1i1024!2i768!4f13.1!3m3!1m2!1s0x85d35bb09aabb14f%3A0x964e7419066ac184!2sLiverpool!5e0!3m2!1ses-419!2smx!4v1693873157971!5m2!1ses-419!2smx"" width=""100%"" height=""300"" style=""border:0;"" allowfullscreen="""" loading=""lazy"" referrerpolicy=""no-referrer-when-downgrade""></iframe>",onsite-liverpool,FALSE,null,"Dentro de Liverpool, Centro comercial Paseo Quer√©taro. Entrada por Anillo V√≠al Fray Jun√≠pero Sierra",0,,{},TRUE,,FALSE,,
,"{""saturday"":[""09:00-14:00""],""weekdays"":[""09:00-14:00"",""15:00-18:00""]}",,15076,TRUE,Av. Alberto del Campo,Centro Moons,602,FALSE,,79,"409, Int. 602",null,Lima,-12.0972313,San Isidro,https://goo.gl/maps/DT65zN4NcFZwBk8t7,39,,"[""""]",5,San Isidro,,-77.0576039,,Lima,,Lima,San Isidro Advanced,9075998,Peru,null,,,retail,,null,"Av. Alberto del Campo 409, San Isidro 15076",0,,"{""nmt30"":{""productId"":""nmt30"",""AppointmentTypeId"":""53222936""},""fullprimera"":{""productId"":""fullprimera"",""AppointmentTypeId"":""53474599""},""fullseguimiento"":{""productId"":""fullseguimiento"",""AppointmentTypeId"":""53474627""},""refinamiento"":{""productId"":""refinamiento"",""AppointmentTypeId"":""53399903""},""nmt60"":{""productId"":""nmt60"",""AppointmentTypeId"":""53222945""},""fullfinal"":{""productId"":""fullfinal"",""AppointmentTypeId"":""55449668""}}",TRUE,,FALSE,,
53399817,"{""saturday"":[""08:00-17:00""],""weekdays"":[""08:00-17:00""]}","Edifico Torre HHC (de vidrios azules), al frente de Carulla 140. A 10 minutos de la estaci√≥n de Transmilenio Alcal√°.",11022,TRUE,Calle 140,Centro Moons,Cons 814,TRUE,,null,#11- 45,null,Bogot√°,4.7187404,Bogot√°,"https://www.google.com/maps/place/Moons/@4.7190307,-74.0359704,17z/data=!3m1!4b1!4m6!3m5!1s0x8e3f85b68e88396b:0xd0917b8c6da5c0a1!8m2!3d4.7190307!4d-74.0359704!16s%2Fg%2F11td4pkkr1?hl=es-419&entry=ttu",null,,"[""""]",1,Cedritos,¬°Hasta $1.300.000 OFF! üåô,-74.038249,,Bogot√°,ChIJazmIjraFP44RocClbYx7kdA,Bogot√°,Cedritos Experiencia Moons,7184412,Colombia,106,,,retail,TRUE,null,"Edifico Torre HHC (de vidrios azules), al frente de Carulla 140. A 10 minutos de la estaci√≥n de Transmilenio Alcal√°.",4.2,,"{""nmt_resina"":{""productId"":""nmt_resina"",""AppointmentTypeId"":""53415271""},""nmt_brackets"":{""productId"":""nmt_brackets"",""AppointmentTypeId"":""53415237""},""refinamiento"":{""productId"":""refinamiento"",""AppointmentTypeId"":""53399903""},""nmt_limpieza"":{""productId"":""nmt_limpieza"",""AppointmentTypeId"":""53399986""},""limpiezaplan"":{""productId"":""limpiezaplan"",""AppointmentTypeId"":""54073940""},""limpiezayblanqplan"":{""productId"":""limpiezayblanqplan"",""AppointmentTypeId"":""53779945""},""rescan"":{""productId"":""rescan"",""AppointmentTypeId"":""55176935""}}",TRUE,"[{""calendarId"":""8030208"",""appointmentTypeId"":""53399817""}]",FALSE,,FALSE
53399817,"{""saturday"":[""08:00-17:00""],""weekdays"":[""08:00-17:00""]}","Al frente de OXXO. Bajando por la Calle 53, una cuadra antes del Centro Comercial Galer√≠as.",11131,TRUE,Calle 53,Centro Moons,Consultorio 301,TRUE,,null,#21-84,null,Bogot√°,4.6418444,Bogot√°,"https://www.google.com/maps/place/Moons/@4.6791432,-74.0543569,17z/data=!4m6!3m5!1s0x8e3f9b01ee0bf8e5:0xdf236187ddfef3c7!8m2!3d4.641738!4d-74.073165!16s%2Fg%2F11sszj94pm?entry=ttu",null,,"[""""]",1,Galerias,¬°Hasta $1.300.000 OFF! üåô,-74.0916184,,Bogot√°,ChIJ5fgL7gGbP44Rx_P-3YdhI98,Bogot√°,Galer√≠as Experiencia Moons,8929410,Colombia,null,,,retail,,null,"Al frente de OXXO. Bajando por la Calle 53, una cuadra antes del Centro Comercial Galer√≠as.",0,,"{""nmt_resina"":{""productId"":""nmt_resina"",""AppointmentTypeId"":""53415271""},""nmt_brackets"":{""productId"":""nmt_brackets"",""AppointmentTypeId"":""53415237""},""refinamiento"":{""productId"":""refinamiento"",""AppointmentTypeId"":""53399903""},""nmt_limpieza"":{""productId"":""nmt_limpieza"",""AppointmentTypeId"":""53399986""},""limpiezaplan"":{""productId"":""limpiezaplan"",""AppointmentTypeId"":""54073940""},""limpiezayblanqplan"":{""productId"":""limpiezayblanqplan"",""AppointmentTypeId"":""53779945""},""rescan"":{""productId"":""rescan"",""AppointmentTypeId"":""55176935""}}",TRUE,,FALSE,,FALSE
,"{""saturday"":[""08:00-15:00""],""weekdays"":[""08:00-17:00""]}","Edifico Torre HHC (de vidrios azules), al frente de Carulla 140. A 10 minutos de la estaci√≥n de Transmilenio Alcal√°.",,TRUE,Calle 140,Centro Moons,Cons 505,FALSE,,null,#11- 45,null,Bogota,4.7187404,Bogot√°,"https://www.google.com/maps/place/Moons/@4.7190307,-74.0359704,17z/data=!3m1!4b1!4m6!3m5!1s0x8e3f85b68e88396b:0xd0917b8c6da5c0a1!8m2!3d4.7190307!4d-74.0359704!16s%2Fg%2F11td4pkkr1?hl=es-419&entry=ttu",null,,"[""""]",9,Cedritos,,-74.038249,,Bogot√°,ChIJVzO03VuFP44R9EuX7JmyO2w,Bogot√°,Cedritos Advanced,8030208,Colombia,46,,,retail,TRUE,4.2,"Edifico Torre HHC (de vidrios azules), al frente de Carulla 140. A 10 minutos de la estaci√≥n de Transmilenio Alcal√°.",4.2,,"{""retenedorfijo"":{""productId"":""retenedorfijo"",""AppointmentTypeId"":""53819832""},""fullprimera"":{""productId"":""fullprimera"",""AppointmentTypeId"":""53474524""},""fullseguimiento"":{""productId"":""fullseguimiento"",""AppointmentTypeId"":""53474658""},""videollamada"":{""productId"":""videollamada"",""AppointmentTypeId"":""53474704""},""fullfinal"":{""productId"":""fullfinal"",""AppointmentTypeId"":""55449490""}}",TRUE,,FALSE,,
55960305,"{""sunday"":[""11:00-21:00""],""saturday"":[""11:00-21:00""],""weekdays"":[""11:00-21:00""]}",,3330,TRUE,Real Mayorazgo,Liverpool,,TRUE,,null,130,null,Benito Ju√°rez,19.3604289,Liverpool,https://goo.gl/maps/uK53d5jUFBiCw9WY9,null,,"[""""]",21,Xoco,,-99.16786222,,Ciudad de M√©xico,,CDMX,Liverpool Mitikah CDMX,3317615,M√©xico,null,,,onsite-liverpool,,null,,0,,"{""refinamiento"":{""productId"":""refinamiento"",""AppointmentTypeId"":""53222633""}}",TRUE,,FALSE,,
55960305,"{""sunday"":[""11:00-20:00""],""saturday"":[""11:00-20:00""],""weekdays"":[""11:00-20:00""]}",,11000,FALSE,Mariano Escobedo,Liverpool,,TRUE,,null,425,null,Miguel Hidalgo,19.43384907,Polanco,"https://www.google.com/maps/place/Liverpool/@19.4336315,-99.1848634,17z/data=!3m1!4b1!4m5!3m4!1s0x85d1f8acf43ca9ef:0x720e47123f07c640!8m2!3d19.4336265!4d-99.1826747",null,,"[""""]",1,"Polanco, Lomas de Chapultepec",,-99.18270689,,Ciudad de M√©xico,,Ciudad de M√©xico,Liverpool Polanco CDMX,6186689,M√©xico,null,,,onsite-liverpool,FALSE,null,,0,,"{""refinamiento"":{""productId"":""refinamiento"",""AppointmentTypeId"":""53222633""}}",TRUE,,FALSE,,
55427554,"{""sunday"":[""11:00-21:00""],""saturday"":[""11:00-21:00""],""weekdays"":[""11:00-21:00""]}",Dentro de Andares Centro Comercial,45116,FALSE,P¬∞ Andares,Liverpool,,TRUE,,null,4965,null,Zapopan,20.71222,Andares Puerta de Hierro,https://goo.gl/maps/355bndVJxY96R1Yq9,null,,"[""""]",100,Andares,¬°Hasta 13 Meses Sin Inter√©s! üéâ,-103.41179,,Liverpool | Cita $199,,,Liverpool Andares Zapopan,6186678,M√©xico,null,,,retail,,null,Dentro de Andares Centro Comercial,0,,"{""scan_retenedor"":{""productId"":""scan_retenedor"",""AppointmentTypeId"":""60910470""},""interpretacion_plan"":{""productId"":""interpretacion_plan"",""AppointmentTypeId"":""60925457""}}",,,FALSE,,FALSE
,"{""sunday"":[""10:00-13:00""],""saturday"":[""09:30-16:00""],""weekdays"":[""09:30-21:30""]}",,,FALSE,Valent√≠n G√≥mez Far√≠as,Doctores Moons,Consultorio 9,TRUE,,,#1435,null,Veracruz,19.1902689,Ricardo Flores Mag√≥n,https://maps.app.goo.gl/pFzUvbKDr4saaQmd6,,FALSE,"[""""]",4,"Ricardo Flores Mag√≥n, Veracruz, Veracruz","¬°Hasta $5,000 de descuento!",-96.12844668,,Centros Aliados,,Veracruz,Veracruz | CREOF,DrMoons4,M√©xico,null,,,retail,FALSE,null,,0,,{},FALSE,,,https://api.whatsapp.com/send?phone=5215593312948&text=%C2%A1Quiero%20agendar%20una%20cita%20en%20Veracruz!,TRUE
,"{""saturday"":[""09:00-17:00""],""weekdays"":[""09:00-18:00""]}",,,TRUE,"Jr, Jir√≥n Cruz del Sur ",Centro Moons,1103,FALSE,,,140,null,Lima,-11.62071949,Surco,https://maps.app.goo.gl/X3fxAf6AmGk1m9Vv7,,FALSE,"[""""]",1,Santiago de Surco,,-77.12602169,,Lima,,,Surco Advanced,9647798,Peru,null,,,retail,FALSE,null,,0,,"{""fullprimera"":{""productId"":""fullprimera"",""AppointmentTypeId"":""53474599""},""fullseguimiento"":{""productId"":""fullseguimiento"",""AppointmentTypeId"":""53474627""},""refinamiento"":{""productId"":""refinamiento"",""AppointmentTypeId"":""53399903""},""limpiezaplan"":{""productId"":""limpiezaplan"",""AppointmentTypeId"":""53352668""},""limpiezayblanqplan"":{""productId"":""limpiezayblanqplan"",""AppointmentTypeId"":""53352699""},""nmt60"":{""productId"":""nmt60"",""AppointmentTypeId"":""53222945""},""fullfinal"":{""productId"":""fullfinal"",""AppointmentTypeId"":""55449668""}}",TRUE,,,,FALSE
,"{""weekdays"":[""01:00-01:00""]}",,,FALSE,,Centro Aliado,,FALSE,,,,null,,1.29299,VERACRUZ,"https://www.google.com/maps/dir/19.4424091,-99.1842677/Parques+Polanco,+Lago+Alberto+320,+Granada,+Miguel+Hidalgo,+11520+Ciudad+de+M%C3%A9xico,+CDMX/@19.4347422,-99.1918718,16z/data=!4m13!1m2!2m1!1sparques+poalnco!4m9!1m1!4e1!1m5!1m1!1s0x85d1f9d3d83bbc07:0x9b0e9d6b4d6ec187!2m2!1d-99.1844431!2d19.440393!3e0?entry=ttu",,FALSE,"[""""]",10,,Agenda por whatsapp,2.01020192,,,,VERACRUZ,Centro Veracruz,0,M√©xico,null,,,retail,FALSE,null,,0,,{},FALSE,,,"https://api.whatsapp.com/send?phone=525539339983&text=¬°Hola,%20quiero%20agendar%20cita%20en%20Centro%20Veracruz!",FALSE
53637597,"{""saturday"":[""09:00-13:00""],""weekdays"":[""09:00-17:00""]}","A una cuadra de la Av. Salaverry. Sexto piso. Favor de anunciarse en recepci√≥n y llevar DNI o Carnet de Extranjer√≠a con fotograf√≠a. Contamos con estacionamiento en s√≥tano 6, en caso de requerirlo considera llegar con 20 minutos de anticipaci√≥n. ",15076,TRUE,Av. Alberto del Campo,Citas Valoraci√≥n,602,TRUE,,null,409 - Int  602,null,Lima,-12.0972313,San Isidro /Lima,https://goo.gl/maps/aG6jpHciShpCXPDs6,null,,"[""""]",1,San Isidro,¬°Hasta 35% OFF! üåô,-77.0576039,,Lima,ChIJV6m9f7LJBZER0W2cw42gy1U,Lima,San Isidro,8368367,Peru,27,,,retail,TRUE,null,"A una cuadra de la Av. Salaverry. Sexto piso. Favor de anunciarse en recepci√≥n y llevar DNI o Carnet de Extranjer√≠a con fotograf√≠a. Contamos con estacionamiento en s√≥tano 6, en caso de requerirlo considera llegar con 20 minutos de anticipaci√≥n.",3.9,,"{""nmt_resina"":{""productId"":""nmt_resina"",""AppointmentTypeId"":""53415271""},""nmt_brackets"":{""productId"":""nmt_brackets"",""AppointmentTypeId"":""53415237""},""nmt_limpieza"":{""productId"":""nmt_limpieza"",""AppointmentTypeId"":""53399986""},""limpiezaplan"":{""productId"":""limpiezaplan"",""AppointmentTypeId"":""53779928""},""limpiezayblanqplan"":{""productId"":""limpiezayblanqplan"",""AppointmentTypeId"":""53779945""}}",TRUE,"[{""calendarId"":""9075998"",""appointmentTypeId"":""53637597""}]",FALSE,,FALSE
55427554,"{""sunday"":[""11:00-20:00""],""saturday"":[""11:00-21:00""],""weekdays"":[""11:00-21:00""]}","Nos encontramos en el departamento de Belleza en planta baja,  a un lado de relojer√≠a y nail bar",3100,FALSE,Av. Insurgentes Sur,Liverpool,√Årea BX,TRUE,liverpool,null,1310 - √Årea BX,null,Benito Ju√°rez,19.37414936,Liverpool,https://g.page/liverpool-insurgentes?share,null,,"[""""]",19,Del Valle Sur,¬°Hasta 13 Meses Sin Inter√©s! üéâ,-99.17850653,,Liverpool | Cita $199,ChIJz_DgUoX_0YURdwurPJzzImw,CDMX,Liverpool Insurgentes CDMX,5395259,M√©xico,345,,,retail,FALSE,4.5,"El centro de escaneo se encuentra dentro de Liverpool Insurgentes. Ubicado frente al metro ""Insurgentes sur"" de la l√≠nea 12 y colinda con Av Insurgentes Sur Y Felix Cuevas",4.5,,"{""refinamiento"":{""productId"":""refinamiento"",""AppointmentTypeId"":""53222633""},""scan_retenedor"":{""productId"":""scan_retenedor"",""AppointmentTypeId"":""60910470""},""interpretacion_plan"":{""productId"":""interpretacion_plan"",""AppointmentTypeId"":""60925457""}}",TRUE,,FALSE,,FALSE
,"{""saturday"":[""10:00-19:00""],""weekdays"":[""10:00-19:00""]}",,68130,FALSE,Calle la Luz,Doctores Moons,,TRUE,Dr. Iv√°n Mej√≠a D√≠az,,206,null,Oaxaca,17.06627903,Ex Hacienda Candiani,https://maps.app.goo.gl/aJwEqpg6jBntNG3BA,,FALSE,"[""""]",3,"Universidad, Ex Hacienda Candiani","¬°Hasta $5,000 de descuento!",-96.67420936,,Centros Aliados,,"Oaxaca, Oaxaca",Oaxaca | Cl√≠nica Dental DIALT,DrMoons10,M√©xico,null,,,retail,FALSE,null,,0,,{},FALSE,,,https://api.whatsapp.com/send?phone=5215593312948&text=%C2%A1Quiero%20agendar%20una%20cita%20en%20Oaxaca!,TRUE